{"tr_iteration": 0, "tr_nelbo_mini_batch": -13530.568359375, "tr_recon_loss_mini_batch": -13840.1435546875, "tr_kl_loss_mini_batch": 309.57379150390625, "_timestamp": 1701805785.132051, "_runtime": 4.059889078140259, "_step": 2, "epoch": 0, "nelbo_epoch": -13530.568359375, "val_iteration": 0, "val_nelbo_mini_batch": -17601.4453125, "val_recon_loss_mini_batch": -17873.625, "val_kl_loss_mini_batch": 272.177001953125, "_wandb": {"runtime": 3}}